Point,Setup,Name,Sight,Staff(m),Distance(m),HI(m),RL(m),Status
1,1,18R-1,BS1,+2.5416,40.211,22.5419,20.0000,OK
2,1,TP01,FS1,+0.8398,40.012,22.5419,21.7020,OK
3,1,TP01,FS2,+0.8399,40.021,22.5419,21.7020,OK
4,1,18R-1,BS2,+2.5421,40.150,22.5419,20.0000,OK
5,2,TP01,BS1,+0.7279,59.274,22.4298,21.7020,OK
6,2,TP02,FS1,+0.9374,59.126,22.4298,21.4923,OK
7,2,TP02,FS2,+0.9375,59.161,22.4298,21.4923,OK
8,2,TP01,BS2,+0.7277,59.310,22.4298,21.7020,OK
9,3,TP02,BS1,+2.0228,56.013,23.5151,21.4923,OK
10,3,TP03,FS1,+0.9970,56.234,23.5151,22.5182,OK
11,3,TP03,FS2,+0.9967,56.228,23.5151,22.5182,OK
12,3,TP02,BS2,+2.0227,55.990,23.5151,21.4923,OK
13,4,TP03,BS1,+1.0313,58.997,23.5492,22.5182,OK
14,4,TP04,FS1,+2.3497,59.135,23.5492,21.1997,OK
15,4,TP04,FS2,+2.3491,59.217,23.5492,21.1997,OK
16,4,TP03,BS2,+1.0306,58.928,23.5492,22.5182,OK
17,5,TP04,BS1,+0.7456,52.287,21.9453,21.1997,OK
18,5,TP05,FS1,+2.3277,52.030,21.9453,19.6176,OK
19,5,TP05,FS2,+2.3277,51.932,21.9453,19.6176,OK
20,5,TP04,BS2,+0.7456,52.206,21.9453,21.1997,OK
21,6,TP05,BS1,+0.6558,59.014,20.2732,19.6176,OK
22,6,TP06,FS1,+2.2039,59.292,20.2732,18.0696,OK
23,6,TP06,FS2,+2.2032,59.341,20.2732,18.0696,OK
24,6,TP05,BS2,+0.6553,59.061,20.2732,19.6176,OK
25,7,TP06,BS1,+1.2763,56.509,19.3466,18.0696,OK
26,7,TP07,FS1,+1.6394,56.434,19.3466,17.7070,OK
27,7,TP07,FS2,+1.6399,56.565,19.3466,17.7070,OK
28,7,TP06,BS2,+1.2776,56.502,19.3466,18.0696,OK
29,8,TP07,BS1,+1.2646,46.853,18.9716,17.7070,OK
30,8,TP08,FS1,+1.5872,46.476,18.9716,17.3843,OK
31,8,TP08,FS2,+1.5874,46.603,18.9716,17.3843,OK
32,8,TP07,BS2,+1.2647,46.859,18.9716,17.7070,OK
33,9,TP08,BS1,+1.2149,53.571,18.5993,17.3843,OK
34,9,TP09,FS1,+1.5725,53.870,18.5993,17.0269,OK
35,9,TP09,FS2,+1.5723,53.753,18.5993,17.0269,OK
36,9,TP08,BS2,+1.2150,53.503,18.5993,17.3843,OK
37,10,TP09,BS1,+1.4234,48.007,18.4507,17.0269,OK
38,10,ITD06,FS1,+1.5159,51.438,18.4507,16.9346,OK
39,10,ITD06,FS2,+1.5164,51.466,18.4507,16.9346,OK
40,10,TP09,BS2,+1.4243,47.989,18.4507,17.0269,OK
41,11,ITD06,BS1,+1.6096,59.506,18.5439,16.9346,OK
42,11,TP10,FS1,+1.0855,54.916,18.5439,17.4584,OK
43,11,TP10,FS2,+1.0855,54.976,18.5439,17.4584,OK
44,11,ITD06,BS2,+1.6092,59.667,18.5439,16.9346,OK
45,12,TP10,BS1,+1.6773,58.326,19.1358,17.4584,OK
46,12,TP11,FS1,+1.6653,57.859,19.1358,17.4706,OK
47,12,TP11,FS2,+1.6651,57.874,19.1358,17.4706,OK
48,12,TP10,BS2,+1.6774,58.286,19.1358,17.4584,OK
49,13,TP11,BS1,+1.0559,37.613,18.5265,17.4706,OK
50,13,ITD05,FS1,+1.9434,38.372,18.5265,16.5831,OK
51,13,ITD05,FS2,+1.9433,38.337,18.5265,16.5831,OK
52,13,TP11,BS2,+1.0557,37.623,18.5265,17.4706,OK
53,14,ITD05,BS1,+1.3850,59.970,17.9680,16.5831,OK
54,14,TP12,FS1,+1.7034,59.642,17.9680,16.2647,OK
55,14,TP12,FS2,+1.7034,59.683,17.9680,16.2647,OK
56,14,ITD05,BS2,+1.3848,60.043,17.9680,16.5831,OK
57,15,TP12,BS1,+1.5890,55.784,17.8533,16.2647,OK
58,15,TP13,FS1,+1.3501,56.802,17.8533,16.5031,OK
59,15,TP13,FS2,+1.3503,56.803,17.8533,16.5031,OK
60,15,TP12,BS2,+1.5883,55.812,17.8533,16.2647,OK
61,16,TP13,BS1,+1.2831,55.505,17.7863,16.5031,OK
62,16,TP14,FS1,+1.7391,55.400,17.7863,16.0473,OK
63,16,TP14,FS2,+1.7389,55.383,17.7863,16.0473,OK
64,16,TP13,BS2,+1.2833,55.494,17.7863,16.5031,OK
65,17,TP14,BS1,+1.5470,53.042,17.5943,16.0473,OK
66,17,TP15,FS1,+1.6801,54.085,17.5943,15.9141,OK
67,17,TP15,FS2,+1.6802,54.083,17.5943,15.9141,OK
68,17,TP14,BS2,+1.5470,52.874,17.5943,16.0473,OK
69,18,TP15,BS1,+1.2455,57.629,17.1596,15.9141,OK
70,18,TP16,FS1,+2.3555,57.978,17.1596,14.8040,OK
71,18,TP16,FS2,+2.3557,57.966,17.1596,14.8040,OK
72,18,TP15,BS2,+1.2454,57.679,17.1596,15.9141,OK
73,19,TP16,BS1,+1.1594,59.384,15.9633,14.8040,OK
74,19,TP17,FS1,+1.8013,59.397,15.9633,14.1620,OK
75,19,TP17,FS2,+1.8013,59.399,15.9633,14.1620,OK
76,19,TP16,BS2,+1.1592,59.428,15.9633,14.8040,OK
77,20,TP17,BS1,+1.3735,57.654,15.5355,14.1620,OK
78,20,TP18,FS1,+1.3801,56.596,15.5355,14.1556,OK
79,20,TP18,FS2,+1.3798,56.593,15.5355,14.1556,OK
80,20,TP17,BS2,+1.3736,57.629,15.5355,14.1620,OK
81,21,TP18,BS1,+1.1603,57.782,15.3157,14.1556,OK
82,21,TP19,FS1,+0.8519,57.680,15.3157,14.4637,OK
83,21,TP19,FS2,+0.8519,57.671,15.3157,14.4637,OK
84,21,TP18,BS2,+1.1599,57.781,15.3157,14.1556,OK
85,22,TP19,BS1,+0.4270,59.216,14.8908,14.4637,OK
86,22,TP20,FS1,+1.3185,59.262,14.8908,13.5724,OK
87,22,TP20,FS2,+1.3183,59.257,14.8908,13.5724,OK
88,22,TP19,BS2,+0.4271,59.188,14.8908,14.4637,OK
89,23,TP20,BS1,+1.1979,43.949,14.7699,13.5724,OK
90,23,ITD4-1,FS1,+2.5799,43.823,14.7699,12.1901,OK
91,23,ITD4-1,FS2,+2.5797,43.864,14.7699,12.1901,OK
92,23,TP20,BS2,+1.1972,43.966,14.7699,13.5724,OK
93,24,ITD4-1,BS1,+1.4622,59.240,13.6523,12.1901,OK
94,24,TP21,FS1,+1.1993,59.503,13.6523,12.4533,OK
95,24,TP21,FS2,+1.1987,59.654,13.6523,12.4533,OK
96,24,ITD4-1,BS2,+1.4621,59.286,13.6523,12.1901,OK
97,25,TP21,BS1,+1.7782,55.581,14.2318,12.4533,OK
98,25,TP22,FS1,+1.0930,55.666,14.2318,13.1390,OK
99,25,TP22,FS2,+1.0928,55.624,14.2318,13.1390,OK
100,25,TP21,BS2,+1.7789,55.602,14.2318,12.4533,OK
101,26,TP22,BS1,+1.5232,59.804,14.6622,13.1390,OK
102,26,TP23,FS1,+1.5169,59.114,14.6622,13.1454,OK
103,26,TP23,FS2,+1.5167,59.111,14.6622,13.1454,OK
104,26,TP22,BS2,+1.5233,59.787,14.6622,13.1390,OK
105,27,TP23,BS1,+1.0973,59.716,14.2426,13.1454,OK
106,27,TP24,FS1,+1.8812,59.966,14.2426,12.3615,OK
107,27,TP24,FS2,+1.8811,59.897,14.2426,12.3615,OK
108,27,TP23,BS2,+1.0972,59.750,14.2426,13.1454,OK
109,28,TP24,BS1,+2.3685,42.630,14.7298,12.3615,OK
110,28,TP25,FS1,+0.3794,42.551,14.7298,14.3502,OK
111,28,TP25,FS2,+0.3799,42.547,14.7298,14.3502,OK
112,28,TP24,BS2,+2.3683,42.642,14.7298,12.3615,OK
113,29,TP25,BS1,+1.7756,57.425,16.1254,14.3502,OK
114,29,TP26,FS1,+1.4476,57.335,16.1254,14.6778,OK
115,29,TP26,FS2,+1.4475,57.331,16.1254,14.6778,OK
116,29,TP25,BS2,+1.7748,57.515,16.1254,14.3502,OK
117,30,TP26,BS1,+1.4957,55.009,16.1735,14.6778,OK
118,30,TP27,FS1,+1.4835,54.379,16.1735,14.6902,OK
119,30,TP27,FS2,+1.4832,54.360,16.1735,14.6902,OK
120,30,TP26,BS2,+1.4957,55.012,16.1735,14.6778,OK
121,31,TP27,BS1,+1.3309,45.668,16.0213,14.6902,OK
122,31,TP28,FS1,+1.2052,46.222,16.0213,14.8161,OK
123,31,TP28,FS2,+1.2052,46.216,16.0213,14.8161,OK
124,31,TP27,BS2,+1.3314,45.660,16.0213,14.6902,OK
125,32,TP28,BS1,+1.5893,26.964,16.4053,14.8161,OK
126,32,ITD02,FS1,+1.4423,26.637,16.4053,14.9630,OK
127,32,ITD02,FS2,+1.4423,26.643,16.4053,14.9630,OK
128,32,TP28,BS2,+1.5892,26.966,16.4053,14.8161,OK
129,33,ITD02,BS1,+1.3607,53.946,16.3237,14.9630,OK
130,33,TP29,FS1,+1.7180,54.428,16.3237,14.6057,OK
131,33,TP29,FS2,+1.7181,54.435,16.3237,14.6057,OK
132,33,ITD02,BS2,+1.3606,53.949,16.3237,14.9630,OK
133,34,TP29,BS1,+1.3355,35.913,15.9411,14.6057,OK
134,34,TP30,FS1,+1.6516,35.908,15.9411,14.2895,OK
135,34,TP30,FS2,+1.6516,35.872,15.9411,14.2895,OK
136,34,TP29,BS2,+1.3354,35.942,15.9411,14.6057,OK
137,35,TP30,BS1,+1.3919,28.623,15.6813,14.2895,OK
138,35,ITD01,FS1,+1.7128,28.798,15.6813,13.9685,OK
139,35,ITD01,FS2,+1.7129,28.802,15.6813,13.9685,OK
140,35,TP30,BS2,+1.3918,28.639,15.6813,14.2895,OK
141,36,ITD01,BS1,+1.5773,54.914,15.5458,13.9685,OK
142,36,TP31,FS1,+2.2036,55.129,15.5458,13.3422,OK
143,36,TP31,FS2,+2.2036,55.130,15.5458,13.3422,OK
144,36,ITD01,BS2,+1.5773,54.912,15.5458,13.9685,OK
145,37,TP31,BS1,+0.9106,52.694,14.2527,13.3422,OK
146,37,TP32,FS1,+1.9024,53.628,14.2527,12.3503,OK
147,37,TP32,FS2,+1.9024,53.587,14.2527,12.3503,OK
148,37,TP31,BS2,+0.9104,52.696,14.2527,13.3422,OK
149,38,TP32,BS1,+1.0237,54.803,13.3740,12.3503,OK
150,38,TP33,FS1,+1.7357,55.251,13.3740,11.6383,OK
151,38,TP33,FS2,+1.7357,55.251,13.3740,11.6383,OK
152,38,TP32,BS2,+1.0238,54.801,13.3740,12.3503,OK
153,39,TP33,BS1,+1.4746,56.364,13.1127,11.6383,OK
154,39,TP34,FS1,+1.4962,54.264,13.1127,11.6165,OK
155,39,TP34,FS2,+1.4962,54.239,13.1127,11.6165,OK
156,39,TP33,BS2,+1.4743,56.373,13.1127,11.6383,OK
157,40,TP34,BS1,+0.8692,53.947,12.4857,11.6165,OK
158,40,TP35,FS1,+2.0831,54.071,12.4857,10.4030,OK
159,40,TP35,FS2,+2.0825,54.020,12.4857,10.4030,OK
160,40,TP34,BS2,+0.8692,53.936,12.4857,11.6165,OK
161,41,TP35,BS1,+1.1004,43.646,11.5034,10.4030,OK
162,41,ITD04,FS1,+1.1204,43.617,11.5034,10.3830,OK
163,41,ITD04,FS2,+1.1204,43.620,11.5034,10.3830,OK
164,41,TP35,BS2,+1.1004,43.643,11.5034,10.4030,OK
165,42,ITD04,BS1,+1.3819,59.896,11.7649,10.3830,OK
166,42,TP36,FS1,+1.6455,59.757,11.7649,10.1191,OK
167,42,TP36,FS2,+1.6460,59.762,11.7649,10.1191,OK
168,42,ITD04,BS2,+1.3819,59.858,11.7649,10.3830,OK
169,43,TP36,BS1,+1.3238,30.126,11.4430,10.1191,OK
170,43,ITD03,FS1,+1.6342,25.959,11.4430,9.8088,OK
171,43,ITD03,FS2,+1.6342,25.953,11.4430,9.8088,OK
172,43,TP36,BS2,+1.3240,30.086,11.4430,10.1191,OK
173,44,ITD03,BS1,+1.5178,55.047,11.3267,9.8088,OK
174,44,TP37,FS1,+1.5640,51.705,11.3267,9.7627,OK
175,44,TP37,FS2,+1.5640,51.702,11.3267,9.7627,OK
176,44,ITD03,BS2,+1.5180,55.047,11.3267,9.8088,OK
177,45,TP37,BS1,+1.3884,50.926,11.1511,9.7627,OK
178,45,TP38,FS1,+1.7404,54.129,11.1511,9.4106,OK
179,45,TP38,FS2,+1.7406,54.110,11.1511,9.4106,OK
180,45,TP37,BS2,+1.3884,50.919,11.1511,9.7627,OK
181,46,TP38,BS1,+1.3779,54.887,10.7887,9.4106,OK
182,46,TP39,FS1,+1.6074,58.651,10.7887,9.1813,OK
183,46,TP39,FS2,+1.6074,58.663,10.7887,9.1813,OK
184,46,TP38,BS2,+1.3783,54.874,10.7887,9.4106,OK
185,47,TP39,BS1,+1.4357,52.825,10.6170,9.1813,OK
186,47,TP40,FS1,+1.4896,54.513,10.6170,9.1273,OK
187,47,TP40,FS2,+1.4898,54.528,10.6170,9.1273,OK
188,47,TP39,BS2,+1.4358,52.773,10.6170,9.1813,OK
189,48,TP40,BS1,+1.4351,55.592,10.5623,9.1273,OK
190,48,TP41,FS1,+1.7521,55.062,10.5623,8.8102,OK
191,48,TP41,FS2,+1.7521,55.040,10.5623,8.8102,OK
192,48,TP40,BS2,+1.4349,55.599,10.5623,9.1273,OK
193,49,TP41,BS1,+1.3154,56.297,10.1256,8.8102,OK
194,49,TP42,FS1,+0.9590,56.273,10.1256,9.1665,OK
195,49,TP42,FS2,+0.9592,56.255,10.1256,9.1665,OK
196,49,TP41,BS2,+1.3153,56.344,10.1256,8.8102,OK
197,50,TP42,BS1,+0.5270,58.967,9.6935,9.1665,OK
198,50,TP43,FS1,+1.1560,58.814,9.6935,8.5376,OK
199,50,TP43,FS2,+1.1558,58.776,9.6935,8.5376,OK
200,50,TP42,BS2,+0.5270,58.957,9.6935,9.1665,OK
201,51,TP43,BS1,+2.4335,57.068,10.9709,8.5376,OK
202,51,TP44,FS1,+2.4386,57.799,10.9709,8.5324,OK
203,51,TP44,FS2,+2.4384,57.828,10.9709,8.5324,OK
204,51,TP43,BS2,+2.4331,57.066,10.9709,8.5376,OK
205,52,TP44,BS1,+0.7487,57.809,9.2811,8.5324,OK
206,52,TP45,FS1,+1.3349,57.317,9.2811,7.9462,OK
207,52,TP45,FS2,+1.3350,57.276,9.2811,7.9462,OK
208,52,TP44,BS2,+0.7488,57.787,9.2811,8.5324,OK
209,53,TP45,BS1,+2.0939,57.122,10.0399,7.9462,OK
210,53,TP46,FS1,+0.8555,57.517,10.0399,9.1844,OK
211,53,TP46,FS2,+0.8555,57.554,10.0399,9.1844,OK
212,53,TP45,BS2,+2.0936,57.102,10.0399,7.9462,OK
213,54,TP46,BS1,+0.7771,50.179,9.9611,9.1844,OK
214,54,TP47,FS1,+1.0926,50.645,9.9611,8.8685,OK
215,54,TP47,FS2,+1.0926,50.666,9.9611,8.8685,OK
216,54,TP46,BS2,+0.7763,50.172,9.9611,9.1844,OK
217,55,TP47,BS1,+1.3814,57.437,10.2500,8.8685,OK
218,55,TP48,FS1,+1.4740,55.913,10.2500,8.7759,OK
219,55,TP48,FS2,+1.4741,55.927,10.2500,8.7759,OK
220,55,TP47,BS2,+1.3815,57.486,10.2500,8.8685,OK
221,56,TP48,BS1,+1.5981,59.564,10.3740,8.7759,OK
222,56,TP49,FS1,+0.6738,59.652,10.3740,9.7000,OK
223,56,TP49,FS2,+0.6743,59.592,10.3740,9.7000,OK
224,56,TP48,BS2,+1.5981,59.544,10.3740,8.7759,OK
225,57,TP49,BS1,+1.4282,54.260,11.1281,9.7000,OK
226,57,TP50,FS1,+1.6420,54.898,11.1281,9.4861,OK
227,57,TP50,FS2,+1.6422,54.904,11.1281,9.4861,OK
228,57,TP49,BS2,+1.4281,54.320,11.1281,9.7000,OK
229,58,TP50,BS1,+1.2853,58.916,10.7708,9.4861,OK
230,58,TP51,FS1,+1.4303,59.151,10.7708,9.3405,OK
231,58,TP51,FS2,+1.4303,59.185,10.7708,9.3405,OK
232,58,TP50,BS2,+1.2843,58.983,10.7708,9.4861,OK
233,59,TP51,BS1,+1.9454,56.858,11.2862,9.3405,OK
234,59,TP52,FS1,+1.8087,57.658,11.2862,9.4773,OK
235,59,TP52,FS2,+1.8090,57.670,11.2862,9.4773,OK
236,59,TP51,BS2,+1.9459,56.904,11.2862,9.3405,OK
237,60,TP52,BS1,+0.4008,52.492,9.8783,9.4773,OK
238,60,36R-2,FS1,+2.5403,51.214,9.8783,7.3379,OK
239,60,36R-2,FS2,+2.5404,51.236,9.8783,7.3379,OK
240,60,TP52,BS2,+0.4010,52.491,9.8783,9.4773,OK
